Title,Story
Israel strikes southern Beirut ahead of security cabinet meeting on Hezbollah ceasefire,"The proposed 60-day truce would see Israeli forces withdraw from Lebanon, and Hezbollah move away from the border."
Search for 16 missing from Red Sea boat enters second day,Hopes of rescuing 16 people missing after a tourist boat sank in the Red Sea on Monday were fading.
Israel strikes southern Beirut ahead of security cabinet meeting on Hezbollah ceasefire,"The proposed 60-day truce would see Israeli forces withdraw from Lebanon, and Hezbollah move away from the border."
Russian deserter reveals war secrets of guarding nuclear base,"A combat alert was in place on the day Russia invaded Ukraine, he tells the BBC. "
Capture of Briton accused of fighting for Ukraine confirmed by Russia,"James Scott Rhys Anderson is being held in custody for participating ""in armed hostilities""."
Imran Khan supporters reach heart of barricaded Pakistan capital,"Protesters say they will not leave D Chowk square, close to the parliament and government buildings, until the ex-PM is freed."
Search for 16 missing from Red Sea boat enters second day,Hopes of rescuing 16 people missing after a tourist boat sank in the Red Sea on Monday were fading.
Triumph over legal cases seals Trump's comeback,The end of the federal cases marks the most tangible consequence of Trump's return to political power.
What happened when a city started accepting - not evicting - homeless camps,"Faced with a housing and homelessness crisis, Halifax has set aside city sites for people to live in tents. Not everyone is behind the plan."
Triumph over legal cases seals Trump's comeback,The end of the federal cases marks the most tangible consequence of Trump's return to political power.
Why Indians are risking it all to chase the American Dream,A surge in illegal border crossings by Indians into the US has left many puzzled -what’s going on?
‘Pregnant’ for 15 months: Inside the 'miracle' fertility scam,Women in Nigeria desperate to conceive are drawn into a disturbing scam involving trafficked babies.
What happened when a city started accepting - not evicting - homeless camps,"Faced with a housing and homelessness crisis, Halifax has set aside city sites for people to live in tents. Not everyone is behind the plan."
Why most Indians choking on smog aren’t in Delhi,"Delhi gets all the attention, but other parts of northern India are also dealing with toxic air."
A Woman of Substance author Barbara Taylor Bradford dies aged 91,"Her books included A Woman of Substance, which sold 30 million copies and became a hit TV series."
Why most Indians choking on smog aren’t in Delhi,"Delhi gets all the attention, but other parts of northern India are also dealing with toxic air."
World's oldest man dies aged 112,"John Tinniswood died at his Southport care home ""surrounded by music and love"", his family said."
More than 30 stranded whales rescued in New Zealand,"None of the rescued whales were re-stranded, but three adults and one calf died, authorities said."
A Woman of Substance author Barbara Taylor Bradford dies aged 91,"Her books included A Woman of Substance, which sold 30 million copies and became a hit TV series."
Salah selfish for contract comments - Carragher,"Mohamed Salah is ""selfish"" for publicly expressing his disappointment at Liverpool's failure to offer him a new contract, says former Reds defender Jamie Carragher."
A decade on - how individual toll of Hughes' death still haunts Australia,How Australia cricket is still affected - and will continue to be so - by the death of Phillip Hughes 10 years ago.
Salah selfish for contract comments - Carragher,"Mohamed Salah is ""selfish"" for publicly expressing his disappointment at Liverpool's failure to offer him a new contract, says former Reds defender Jamie Carragher."
"'I'll do my job, he can do his' - Root on Lehmann","Joe Root says Darren Lehmann is ""entitled to say what he wants"" after the former Australia coach claimed England's leading runscorer is a ""rung below"" the all-time greats."
Banda voted BBC Women's Footballer of the Year,Zambia and Orlando Pride forward Barbra Banda is voted BBC Women's Footballer of the Year.
A decade on - how individual toll of Hughes' death still haunts Australia,How Australia cricket is still affected - and will continue to be so - by the death of Phillip Hughes 10 years ago.
